Business Name,Business Category,Attraction Type,Type Token,Certified,Latitude,Longitude
Almost Heaven Swing - Babcock State Park,Attraction,Swing,swing,false,37.9944401,-80.9768304
Almost Heaven Swing - Blackwater Falls State Park,Attraction,Swing,swing,false,39.1134191,-79.4857237
Almost Heaven Swing - Blennerhassett Island Historical State Park,Attraction,Swing,swing,false,39.264891,-81.5649343
Almost Heaven Swing - Bluestone State Park,Attraction,Swing,swing,false,37.6166704,-80.9331845
Almost Heaven Swing - Cacapon Resort State Park,Attraction,Swing,swing,false,39.5085891,-78.3102554
Almost Heaven Swing - Canaan Valley Resort State Park,Attraction,Swing,swing,false,39.0286196,-79.4608152
Almost Heaven Swing - Chief Logan State Park,Attraction,Swing,swing,false,37.8938238,-82.0197368
Almost Heaven Swing - Droop Mountain Battlefield State Park,Attraction,Swing,swing,false,38.1122742,-80.2717304
Almost Heaven Swing - Lost River State Park,Attraction,Swing,swing,false,38.8958211,-78.9237039
Almost Heaven Swing - North Bend State Park,Attraction,Swing,swing,false,39.2206591,-81.0868344
Almost Heaven Swing - Pipestem Resort State Park,Attraction,Swing,swing,false,37.5340121,-80.9956932
Almost Heaven Swing - Stonewall Resort State Park,Attraction,Swing,swing,false,38.9486714,-80.4993407
Almost Heaven Swing - Summersville Lake State Park,Attraction,Swing,swing,false,38.24576,-80.85603
Almost Heaven Swing - Tomlinson Run State Park,Attraction,Swing,swing,false,40.547029,-80.5941483
Almost Heaven Swing - Tu-Endie-Wei State Park,Attraction,Swing,swing,false,38.839303,-82.1406891
Almost Heaven Swing - Tygart Lake State Park,Attraction,Swing,swing,false,39.2801834,-80.0108002
Almost Heaven Swing - Valley Falls State Park,Attraction,Swing,swing,false,39.3886464,-80.0864936
Babcock State Park,Attraction,Park/Nature,park,false,38.007329,-80.948414
Barrackville Covered Bridge,Attraction,Covered Bridge,bridge,false,39.50583,-80.16806
Bear Mountain Cabins & Campground,Campground,,camping,false,38.050171,-81.12003399999999
Black Sheep Harley-Davidson,Motorcycle Dealer,,moto,false,38.4188813,-82.4514955
Brickside Bar & Grille,Bar,,food,false,39.2820332,-80.2779955
Bunky's Burgers,Restaurant,,food,false,37.300875,-81.691245
Carrollton Covered Bridge,Attraction,Covered Bridge,bridge,false,39.09,-80.08667
Casey's Family Restaurant - Enterprise,Restaurant,,food,false,39.42482991012265,-80.2780448744429
Cass Scenic Railroad State Park,Attraction,,attraction,false,38.3972047,-79.9148538
Cathedral Cafe,Restaurant,,food,false,38.05228109999999,-81.1032132
Center Point Covered Bridge,Attraction,Covered Bridge,bridge,false,39.38944,-80.63444
Chief Logan State Park,Attraction,Park/Nature,park,false,37.894284,-82.018736
Coal Heritage Trail,Attraction,Scenic Road/Byway,scenic-road,false,37.959860,-81.148640
Coaltown Tavern,Restaurant,,food,false,37.4288957,-81.5565115
Cole Harley-Davidson,Motorcycle Dealer,,moto,false,37.2580386,-81.2190507
Cool Springs Park,Restaurant,,food,false,39.320581,-79.715076
Dents Run Covered Bridge,Attraction,Covered Bridge,bridge,false,39.62389,-80.04
EZ Street,Bar,,food,false,38.4353327,-81.85236019999999
Fat Eddie's,Restaurant,,food,false,38.2222182,-80.8825683
Fayette Station Road & Tunney Hunsaker Bridge,Attraction,Scenic Road/Byway,scenic-road,false,38.064899,-81.077134
Fish Creek Covered Bridge,Attraction,Covered Bridge,bridge,false,39.67222,-80.4525
Fletcher Covered Bridge,Attraction,Covered Bridge,bridge,false,39.30556,-80.48028
Full Throttle at Riders Paradise,Bar,,food,false,37.4460792,-81.3493179
Green Bank Observatory,Attraction,,attraction,false,38.431507,-79.81894989999999
Greenbrier Grille and Lodge,Restaurant,,food,false,38.22413489974406,-80.09575934525392
Hamilton Round Barn,Attraction,,attraction,false,39.516449,-80.3377228
Hawks Nest State Park,Attraction,Overlook,overlook,false,38.121145,-81.117317
Herns Mill Covered Bridge,Attraction,Covered Bridge,bridge,false,37.8325,-80.505
Hillbilly Heaven Bar & Grill,Restaurant,,food,false,39.6298459,-78.1758881
Hillbilly Hotdogs,Restaurant,,food,false,38.5065643,-82.2981889
Hokes Mill Covered Bridge,Attraction,Covered Bridge,bridge,false,37.69722,-80.525
Indian Creek Covered Bridge,Attraction,Covered Bridge,bridge,false,37.54722,-80.57278
International Mother's Day Shrine,Attraction,,attraction,false,39.3408333,-80.0183333
Kanawha Falls,Attraction,Waterfall,waterfall,false,38.143029,-81.206461
Keyser Inn,Lodging,,lodging,false,39.4107572,-79.0020672
Kimball War Memorial,Attraction,Monument,monument,false,37.425360,-81.506411
Laurel Creek Covered Bridge,Attraction,Covered Bridge,bridge,false,37.56111,-80.62667
Locust Creek Covered Bridge,Attraction,Covered Bridge,bridge,false,38.07944,-80.25028
Marlinton Motor Inn,Lodging,,lodging,false,38.2662799,-80.0928951
Mason-Dixon Historical Park,Attraction,,attraction,false,39.7132193,-80.115225
Mingo Saloon & Lodge,Lodging,,lodging,false,38.5017403,-80.050517
Mothman Harley-Davidson,Motorcycle Dealer,,moto,false,39.380613,-81.4381504
Mud River Covered Bridge,Attraction,Covered Bridge,bridge,false,38.43083,-82.13944
Outlaw Bar & Grill,Bar,,food,false,37.457514,-81.3652011
Page Coal and Coke Company Store,Attraction,,attraction,false,37.349536,-81.464630
Philippi Covered Bridge,Attraction,Covered Bridge,bridge,false,39.15306,-80.04361
Preston County Inn,Lodging,,lodging,false,39.4725304,-79.688648
RG's Almost Heaven Harley-Davidson,Motorcycle Dealer,,moto,false,39.3065257,-80.28078839999999
Rider's Paradise,Lodging,,lodging,false,37.4460792,-81.3493179
Rifrafters Campground,Campground,,camping,false,38.0477943,-81.1258067
Rosemary's Thyme,Restaurant,,food,false,39.4586445,-79.6534144
Sarvis Fork Covered Bridge,Attraction,Covered Bridge,bridge,false,38.92139,-81.64472
Simpson Creek Covered Bridge,Attraction,Covered Bridge,bridge,false,39.30861,-80.27972
Skyline Lodge,Lodging,,lodging,false,37.6240212953488,-81.11621074996972
Slanesville General Store,Restaurant,,food,false,39.3736064,-78.5231614
Sleepy Creek Wildlife Management Area,Attraction,Park/Nature,park,false,39.534471,-78.145711
Smoke on the Water BBQ,Restaurant,,food,false,38.9124865,-79.8215328
South Branch Smokehouse,Restaurant,,food,false,39.0835666,-78.9630275
Staats Mill Covered Bridge,Attraction,Covered Bridge,bridge,false,38.74278,-81.62611
Sterling Drive-In,Restaurant,,food,false,37.4410034,-81.5719915
Summersville Lake Dam Overlook,Attraction,Overlook,overlook,false,38.220313,-80.890895
Summersville Lake Retreat & Lighthouse,Campground,,camping,false,38.200427,-80.864641
Taco Todd's Savage Tacos,Restaurant,,food,false,37.3019705,-81.6910459
The Gateway Restaurant,Restaurant,,food,false,38.7174622,-79.4600502
The Hutte,Restaurant,,food,false,38.7059394,-80.2011881
The Purple Fiddle,Restaurant,,food,false,39.1483174,-79.4990796
The Social Tap,Bar,,food,false,39.2729423,-80.2673701
The Tractor Bar,Bar,,food,false,38.2026449,-80.8514876
Triple S Harley-Davidson,Motorcycle Dealer,,moto,false,39.6581795,-80.01417359999999
Tygart Lake State Park,Attraction,Park/Nature,park,false,39.283240,-80.011187
Valley Harley-Davidson,Motorcycle Dealer,,moto,false,40.0640359,-80.5920605
Walkersville Covered Bridge,Attraction,Covered Bridge,bridge,false,38.85833,-80.46083
