Business Name,Business Category,Attraction Type,Address,Website,Phone,Short Description,Description / why riders should stop,Submitter Name,Submitter Email,Relationship,Source,Status,Founder Notes,Reviewed By,Photo,Submitted At,Webflow Item ID,Demand,Latitude,Longitude,County,Image Source/License,Travel Region,Town/City
Hillbilly Hotdogs,Restaurant,,"6951 Ohio River Rd, Lesage, WV 25537",https://www.hillbillyhotdogs.com,(304) 762-2458,"Famously wacky hot dog joint on the Ohio River in Lesage - school-bus dining rooms, junkyard decor, and the giant 'Homewrecker' dog.","Hillbilly Hotdogs is a beloved roadside oddity on Ohio River Road in Lesage, packed with junkyard-chic decor and old school buses turned into dining rooms. It's built its reputation on over-the-top hot dogs - the 15-inch 'Homewrecker' is the challenge - and earned a national following after appearing on Food Network. A genuine only-in-WV stop near Huntington, and the batch's most-mentioned pick.",,,Rider recommended,Community mention,Published,Highest community demand in the batch (Demand 6).,,,8/9/2026 12:12pm,6a7ba781a8f91f9e326dd088,6,38.5065643,-82.2981889,Cabell County,WVB default tile - services-food-drink,Metro Valley,Lesage
Smoke on the Water BBQ,Restaurant,,"1455 Allegheny Hwy, Elkins, WV 26241",https://smokewaterbbq.com,(304) 636-9669,"Creekside BBQ joint on Rt 33 east of Elkins - smoked meats, full bar, craft beer, and live music on the deck.","Smoke on the Water is a BBQ restaurant on Route 33 east of Elkins, with a deck overlooking Isner Creek, a full bar with local craft beer, and live music most weekends. Ribs, brisket, and pulled pork are the draw, with seafood, burgers, and pizza rounding out the menu - a relaxed refuel in the Potomac Highlands. Open Wednesday through Sunday.",,,Rider recommended,Community mention,Published,From FB scrape (2026-08-09). Verify exact address.,,,8/9/2026 12:12pm,6a7ba781a8f91f9e326dd07c,1,38.9124865,-79.8215328,Randolph County,WVB default tile - services-food-drink,Potomac Highlands,Elkins
Marlinton Motor Inn,Lodging,,"21507 Seneca Trail, Marlinton, WV 24954",http://marlintonmotorinn.com,(304) 799-4711,"Rider-favorite motor inn on Rt 219 near Marlinton, 25 miles south of Snowshoe - pool, lounge, and mountain views.","The Marlinton Motor Inn sits on Route 219 (Seneca Trail) just outside Marlinton, about 25 miles south of Snowshoe, with a big block of rooms, a seasonal outdoor pool, and a lounge. A longtime favorite of touring riders working the scenic Pocahontas County roads - reviewers mention the staff even keep rags on hand for wiping down bikes.",,,Rider recommended,Community mention,Published,NAME CORRECTED - community mention had 'Marlinton Motor Lodge'; the business is 'Marlinton Motor Inn.' Rider favorite (Demand 3) - reviews note staff keep rags out for bike cleaning.,,,8/9/2026 12:12pm,6a7ba781a8f91f9e326dd084,3,38.2662799,-80.0928951,Pocahontas County,WVB default tile - services-lodging,Potomac Highlands,Marlinton
Rifrafters Campground,Campground,,"448 Laurel Creek Road, Fayetteville, WV 25840",https://www.rifrafters.com,(304) 574-1065,"Quiet family campground two miles from the New River Gorge Bridge, off Rt 19 - RV, tent, and rustic cabin sites.","Rifrafters is a quiet, shady family-owned campground on Laurel Creek Road off Rt 19, two miles south of the New River Gorge Bridge, with RV sites (big-rig friendly), tent sites, and seven rustic cabins. Central to the New River Gorge's rafting and climbing scene, with a clean bathhouse and laundry - an easy overnight base for gorge-country riding.",,,Rider recommended,Community mention,Published,From FB scrape (2026-08-09). Verify exact address/spelling (Rifrafters).,,,8/9/2026 12:12pm,6a7ba781a8f91f9e326dd082,1,38.0477943,-81.1258067,Fayette County,WVB default tile - services-camping,New River-Greenbrier Valley,Fayetteville
Cool Springs Park (Rt 50),,,"Cool Springs Park, Rt 50, Clarksburg, WV",,,"A roadside park a rider calls a 'treasure' on Rt 50, east side of Clarksburg.",,Rider Recommended,,,,Merged,"MERGED - resolves to existing live Cool Springs Park (Rowlesburg, Preston Co.; Webflow item 6a558ef7c698d45d4b07d266), not created by this row. Community mention located it as 'Rt 50 / Clarksburg' - same US-50 landmark, corrected to Rowlesburg. Demand 1 retained here as provenance.",,,8/9/2026 9:31pm,6a558ef7c698d45d4b07d266,1,39.2783257,-80.3273347,Harrison County,,Mountaineer Country,
Green Bank Observatory,Attraction,,"155 Observatory Rd, Green Bank, WV 24944",https://greenbankobservatory.org,(304) 456-2150,"Home of the world's largest steerable radio telescope, deep in the National Radio Quiet Zone - tours, a science center, and no cell signal.","Green Bank Observatory in Pocahontas County is home to the Robert C. Byrd Green Bank Telescope, the world's largest fully steerable radio telescope. Take a guided bus tour of the dishes, explore the hands-on science center, and grab a bite at the Starlight Cafe. Heads up for riders: you're in the heart of the National Radio Quiet Zone, so there's no cell service - download your maps before you get here.",Rider Recommended,,,Community mention,Published,"Attraction Type (set on Webflow at publish) = none of the 7 canonical subtypes fit a radio observatory, so it draws the base tile. Consider a new subtype if science/facility attractions recur.",,,8/9/2026 9:31pm,6a7ba781a8f91f9e326dd078,1,38.431507,-79.81894989999999,Pocahontas County,WVB default tile - base,Potomac Highlands,
Valley Harley-Davidson,Motorcycle Dealer,,"127 Fort Henry Rd, Triadelphia, WV 26059",https://valleyharley.com,(304) 243-9300,"Harley-Davidson dealer at the Highlands near Wheeling - bikes, service, parts, and gear in the Northern Panhandle.","Valley Harley-Davidson sits at the Highlands in Triadelphia, just outside Wheeling, with new and used Harleys, MotorClothes, parts, and factory-trained service. A convenient Northern Panhandle stop close to I-70 and the Ohio and Pennsylvania lines.",Rider Recommended,,,Community mention,Published,Auto-routed from Content Capture (community mention),,,8/9/2026 9:31pm,6a7ba781a8f91f9e326dd07a,,40.0640359,-80.5920605,Ohio County,WVB default tile - services-moto,Northern Panhandle,
Cole Harley-Davidson,Motorcycle Dealer,,"1804 Bland St, Bluefield, WV 24701",https://colehd.com,(304) 324-8116,Family-owned Harley-Davidson dealer in downtown Bluefield - the southern-WV service and gear stop.,"Cole Harley-Davidson is a family-owned dealership on Bland Street in Bluefield, serving southern West Virginia with new and used Harleys, a full service department, parts, and MotorClothes. Smaller and personal by design - a friendly stop near the Virginia line and the Bluefield end of the coalfields riding.",Rider Recommended,,,Community mention,Published,Auto-routed from Content Capture (community mention),,,8/9/2026 9:31pm,6a7ba781a8f91f9e326dd076,,37.2580386,-81.2190507,Mercer County,WVB default tile - services-moto,New River-Greenbrier Valley,
RG's Almost Heaven Harley-Davidson,Motorcycle Dealer,,"2260 Murphys Run Rd, Bridgeport, WV 26330",https://www.almostheavenhd.com,(304) 623-0484,"Family-run Harley-Davidson dealer near Bridgeport - sales, service, parts, and gear, in business since 1977.","RG's Almost Heaven Harley-Davidson is a long-running, family-owned dealership on Murphys Run Road near Bridgeport, handling Harley sales, service, parts, accessories, and apparel. Riders single out the sales crew for treating you like a person, not a transaction - an easy service or gear stop in Mountaineer Country off I-79.",Rider Recommended,,,Community mention,Published,Auto-routed from Content Capture (community mention),,,8/9/2026 9:31pm,6a7ba781a8f91f9e326dd070,,39.3065257,-80.28078839999999,Harrison County,WVB default tile - services-moto,Mountaineer Country,
Preston County Inn,Lodging,,"112 W Main St, Kingwood, WV 26537",https://www.prestoncountyinn.com,(304) 329-2220,"Historic 1857 inn on Kingwood's Main Street, with its own restaurant and bar - a characterful Preston County overnight.","The Preston County Inn is a Civil War-era brick house on Main Street in Kingwood, with a handful of guest rooms upstairs and a full restaurant - three dining rooms and a bistro lounge - below. Free breakfast, pet-friendly, and a genuine sense of place. A good base for Coopers Rock and Cheat Lake country in Mountaineer Country.",Rider Recommended,,,Community mention,Published,Auto-routed from Content Capture (community mention),,,8/9/2026 9:31pm,6a7ba781a8f91f9e326dd074,1,39.4725304,-79.688648,Preston County,WVB default tile - services-lodging,Mountaineer Country,
Skyline Lodge,Lodging,,"127 Lakeview Drive, Ghent, WV 25843",https://skylinewv.com,(304) 787-6201,"Lakefront motel in Ghent with an on-site pub and grill, a mile from Winterplace - an affordable base in the New River area.","Skyline Lodge is a lakefront motel just off I-77 in Ghent, with rustic rooms, an on-site pub and grill, and a private lake, set in the heart of southern WV's adventure country - within about half an hour of whitewater, ATV trails, and Winterplace. An easy, affordable overnight for New River Gorge and coalfields riding.",Rider Recommended,,,Community mention,Published,Auto-routed from Content Capture (community mention),,,8/9/2026 9:31pm,6a7ba781a8f91f9e326dd072,1,37.6170613,-81.1148177,Raleigh County,WVB default tile - services-lodging,New River-Greenbrier Valley,
"Moto lodge (under construction), Rt 219 Peterstown",,,"Rt 219, Peterstown, WV",,,A rider on Rt 219 in Peterstown says they are building a motorcycle lodge and will help riders with routes. NOT OPEN YET — track for an opening and a possible relationship.,,Rider Recommended,,,,Rejected,Auto-routed from Content Capture (community mention),,,8/9/2026 9:31pm,,1,37.3961244,-80.7947423,Monroe County,,New River-Greenbrier Valley,
Black Sheep Harley-Davidson,Motorcycle Dealer,,"408 4th St, Huntington, WV 25701",https://blacksheephd.com,(304) 523-1340,"Award-winning Harley-Davidson dealer in downtown Huntington - and yes, there's an in-store diner.","Black Sheep Harley-Davidson takes up about half a city block in downtown Huntington, with a big showroom of new and used Harleys, a two-floor MotorClothes department, a full service shop with a performance dyno, and its own in-store diner. A genuine destination stop in the Metro Valley near the Ohio and Kentucky lines.",Rider Recommended,,,Community mention,Published,Auto-routed from Content Capture (community mention),,,8/9/2026 9:31pm,6a7ba781a8f91f9e326dd080,,38.4188813,-82.4514955,Cabell County,WVB default tile - services-moto,Metro Valley,
Triple S Harley-Davidson,Motorcycle Dealer,,"7300 Willie G Ave, Morgantown, WV 26501",https://www.tripleshd.com,(304) 284-8244,"Full Harley-Davidson dealer in Morgantown, right off I-79 Exit 155 - bikes, parts, service, and gear.","Triple S Harley-Davidson is a 40,000-square-foot dealership in Morgantown, just off I-79 at Exit 155, with a big inventory of new and used Harleys plus MotorClothes, parts, and accessories. Known for bike nights and events, and a handy full-service stop in Mountaineer Country - it sits on the only Willie G Avenue in the world.",Rider Recommended,,,Community mention,Published,"Triple S HD = Mountaineer HD, same dealership (founder confirmed) - alias/rebrand, not a separate or duplicate listing. Flag cleared. Kept 'Triple S Harley-Davidson' as primary name (live site is tripleshd.com); flip to Mountaineer if the rebrand is now official.",,,8/9/2026 9:31pm,6a7ba781a8f91f9e326dd06e,,39.6581795,-80.01417359999999,Monongalia County,WVB default tile - services-moto,Mountaineer Country,
Mothman Harley-Davidson,Motorcycle Dealer,,"80 Thunder Road, Williamstown, WV 26187",https://www.mothmanhd.com,(304) 375-2530,"The Mid-Ohio Valley's authorized Harley-Davidson dealer in Williamstown — service, parts, and gear right off I-77 at the Ohio line.","Mothman Harley-Davidson is the Mid-Ohio Valley's authorized Harley-Davidson dealership, with factory-trained techs and full diagnostic equipment to keep your bike running right, plus a deep selection of motorcycles, parts, accessories, and apparel. An easy service stop or gear run near the Ohio River in Williamstown, just off I-77 at the state line.",Rider Recommended,,,Community mention,Published,Auto-routed from Content Capture (community mention),,,8/9/2026 9:31pm,6a7ba4ae69ca2547a09fb82a,,39.380613,-81.4381504,Wood County,WVB default tile - services-moto,Mid-Ohio Valley,
Bear Mountain Cabins & Campground,Campground,,"130 Laurel Creek Road, Fayetteville, WV 25840",https://bearmountaincamping.com,(304) 573-2267,"Cabins, RV, and tent sites a mile from the New River Gorge Bridge - Amish-built cabins and a general store with hand-dipped ice cream.","Bear Mountain Cabins & Campground sits on Laurel Creek Road off Rt 19 in Fayetteville, a mile from the New River Gorge Bridge, with Amish-built cabins, a rustic log home, and RV and tent sites among shaded woods. There's a small general store with hand-dipped ice cream, and downtown Fayetteville - one of 'America's coolest small towns' - is minutes away. A relaxed base for New River Gorge riding.",Rider Recommended,,,Community mention,Published,"CONFIRMED distinct campground (founder) - separate from Rifrafters. Bear Mountain Cabins & Campground, 130 Laurel Creek Rd, Fayetteville; Rifrafters is 448 Laurel Creek Rd. Mention's 'Pluto Rd / Rt 3' was a mislocation. Name corrected from 'Bear Mountain Cabins (near Pluto Rd).' Flag cleared.",,,8/9/2026 9:31pm,6a7ba781a8f91f9e326dd07e,1,38.050171,-81.12003399999999,Fayette County,WVB default tile - services-camping,New River-Greenbrier Valley,
Cass Scenic Railroad State Park,Attraction,,"12363 Cass Road, Cass, WV 24927",https://wvstateparks.com/parks/cass-scenic-railroad-state-park/,(304) 456-4300,Ride a historic Shay steam locomotive up to Bald Knob through a preserved logging-town state park near Snowshoe.,"Cass Scenic Railroad State Park preserves an original early-1900s logging town and its steep-grade Shay steam locomotives, which now haul visitors up the mountain to Bald Knob for big highland views. The restored company houses rent as lodging, there's a museum, a restaurant (the Last Run), and bike rentals - a full-day destination in the Potomac Highlands near Snowshoe. Train season runs roughly May through October.",Rider Recommended,,,Community mention,Published,"Attraction Type = none -> base tile (founder call). Heritage railroad, not park/nature, so Park/Nature subtype doesn't fit. Set no Attraction Type on Webflow at publish.",,,8/9/2026 9:31pm,6a7ba781a8f91f9e326dd086,1,38.3972047,-79.9148538,Pocahontas County,WVB default tile - base,Potomac Highlands,
Cathedral Cafe,Restaurant,,"134 S Court St, Fayetteville, WV 25840",https://www.thecathedralcafe.com,(304) 574-0202,"Coffee, breakfast, and lunch inside a converted 120-year-old church in downtown Fayetteville - a New River Gorge staple.","The Cathedral Cafe fills a former downtown Fayetteville church with stained glass, book-lined shelves, and an all-day breakfast and lunch menu. It's an easy, popular stop right in the heart of New River Gorge riding - coffee and a bagel before a gorge run, or a loaded sandwich after. Fresh, homemade, and unmistakably local; expect a line on weekends.",,,,Community mention,Published,"Auto-routed from Content Capture (community mention), Reddit rural-restaurants batch. CROSS-SOURCE: also flagged in the FB roads thread (Fayetteville day-plan). Web-verified open Aug 2026. Clean.",,,8/12/2026 12:28am,6a7bc422dbad474065e2ea7b,6,38.05228109999999,-81.1032132,Fayette County,WVB default tile - services-food-drink,New River-Greenbrier Valley,
Fat Eddie's,Restaurant,,"2243 Summersville Lake Rd, Mount Nebo, WV 26679",https://lakesideoutfitterswv.com,(304) 872-0788,"Hot dogs, burgers, and blended ice-cream 'storms' a half-mile from Summersville Lake and the Gauley - a warm-weather rider refuel.","Fat Eddie's is a cheerful walk-up spot just off the Summersville Lake dam, known for hot dogs, burgers, and its blended ice-cream 'storms.' Half a mile from the lake and close to the Gauley, it's an easy warm-weather refuel on a Nicholas County ride. Note it's seasonal - open roughly March through October.",,,,Community mention,Published,"Auto-routed from Content Capture (community mention), Reddit rural-restaurants batch. LOCATION CORRECTION: capture said Summersville; verified address is Mount Nebo (2243 Summersville Lake Rd), by the lake/dam. SEASONAL (~Mar-Oct). Web-verified open Aug 2026.",,,8/12/2026 12:28am,6a7bc422dbad474065e2ea7d,6,38.2222182,-80.8825683,Nicholas County,WVB default tile - services-food-drink,Mountain Lakes,
The Hutte,Restaurant,,"1 W Main St, Helvetia, WV 26224",https://thehutte.com,(304) 924-6435,Third-generation Swiss-American restaurant in the tiny mountain village of Helvetia - worth the twisty ride in.,"The Hutte has served Swiss-American food from the Swiss-settled village of Helvetia since 1968, in an antique-filled century-old farmhouse. Roesti, sauerbraten, homemade bread, and a locally-famous peach cobbler are the draw - and the curvy Randolph County roads in are half the reason to go. Hours are limited (generally Thursday through Sunday); reservations are wise for groups.",,,,Community mention,Published,"Auto-routed from Content Capture (community mention), Reddit rural-restaurants batch. Thread's top pick (85 upvotes). LIMITED HOURS (~Thu-Sun); reservations advised. Remote - a destination, not a quick stop. Web-verified open Aug 2026.",,,8/12/2026 12:28am,6a7bc422dbad474065e2ea7f,85,38.7059394,-80.2011881,Randolph County,WVB default tile - services-food-drink,Potomac Highlands,
The Purple Fiddle,Restaurant,,"96 East Ave, Thomas, WV 26292",https://purplefiddle.com,(304) 463-4040,"Live-music venue, bar, and deli-cafe in the old DePollo store in historic Thomas - Canaan country's social hub.","The Purple Fiddle packs the old DePollo General Store in Thomas with touring bands most weekends, plus a deli menu of sandwiches, wraps, soups, local ice cream, and the area's best beer list. It's the social anchor of the Thomas and Canaan arts scene and an easy detour off the Rt 32/48 highlands routes. Family-friendly, all ages, open Wednesday through Sunday.",,,,Community mention,Published,"Auto-routed from Content Capture (community mention), Reddit rural-restaurants batch. 55 upvotes. Categorized Restaurant - it's also a bar + live-music venue (founder call). ADDRESS: current 96 East Ave (older listings say 21 East Ave - stale). Web-verified open Aug 2026.",,,8/12/2026 12:28am,6a7bc422dbad474065e2ea81,55,39.1483174,-79.4990796,Tucker County,WVB default tile - services-food-drink,Potomac Highlands,
Rosemary's Thyme,Restaurant,,"183 Club House Dr, Terra Alta, WV 26764",https://www.prestoncountryclub.com/rosemarys-thyme,(304) 329-6750,Family-owned authentic Mexican in Kingwood with Cheat River and golf-course views - right by the Preston County Inn.,"Rosemary's Thyme has served made-from-scratch Mexican food in Kingwood since 2015 - fajitas, tacos, and margaritas with a view over the Cheat River and golf course. It sits in the same Preston County town as the Preston County Inn, making the two an easy overnight-and-dinner pairing for Coopers Rock and Cheat Lake riding.",,,,Community mention,Published,"Auto-routed from Content Capture (community mention), Reddit rural-restaurants batch. 22 upvotes; pairs with the live Preston County Inn (same town). ADDRESS AMBIGUITY - verify: listings show 183 Club House Dr (golf-course loc) but some show 121 E High St; zip Kingwood 26537 vs Terra Alta 26764. No standalone website (FB page only). Web-verified open Aug 2026.",,,8/12/2026 12:28am,6a7bc422dbad474065e2ea83,22,39.4586445,-79.6534144,Preston County,WVB default tile - services-food-drink,Mountaineer Country,
The Gateway Restaurant,Restaurant,,"13927 Mountaineer Dr, Riverton, WV 26814",,(304) 567-2810,Homecooked diner and famous pie at the foot of Spruce Knob on US 33 - a prime Seneca Rocks corridor stop.,"The Gateway Restaurant sits right on US 33 in Riverton, at the Brierly Gap turnoff up to Spruce Knob and minutes from Seneca Rocks. It's a plain-looking, big-hearted diner beloved for fried chicken, hearty daily specials, and homemade pies - exactly the refuel a rider wants before or after the eastern-highlands climbs. One of the best-placed food stops on the whole Seneca Rocks and Spruce Knob loop.",,,,Community mention,Published,"Auto-routed from Content Capture (community mention), Reddit rural-restaurants batch. NAME CORRECTION: capture said 'The Gateway Diner'; actual name 'The Gateway Restaurant' (aka Gateway Family Restaurant). Prime US-33 / Seneca Rocks / Spruce Knob corridor. FB page only, no standalone site. Web-verified open Aug 2026 (4.8 stars).",,,8/12/2026 12:28am,6a7bc422dbad474065e2ea85,2,38.7174622,-79.4600502,Pendleton County,WVB default tile - services-food-drink,Potomac Highlands,