id,name,category,glyph,token_source,certified,filename,raw_url
keyser-inn,Keyser Inn,Lodging,lodging,stored,false,dir-keyser-inn.png,https://raw.githubusercontent.com/Sara-Rider/wvb-maps/main/renders/dir-keyser-inn.png
slanesville-general-store,Slanesville General Store,Restaurant,food,stored,false,dir-slanesville-general-store.png,https://raw.githubusercontent.com/Sara-Rider/wvb-maps/main/renders/dir-slanesville-general-store.png
mason-dixon-historical-park,Mason-Dixon Historical Park,Attraction,park,stored,false,dir-mason-dixon-historical-park.png,https://raw.githubusercontent.com/Sara-Rider/wvb-maps/main/renders/dir-mason-dixon-historical-park.png
hamilton-round-barn,Hamilton Round Barn,Attraction,attraction,stored,false,dir-hamilton-round-barn.png,https://raw.githubusercontent.com/Sara-Rider/wvb-maps/main/renders/dir-hamilton-round-barn.png
tygart-lake-state-park,Tygart Lake State Park,Attraction,park,stored,false,dir-tygart-lake-state-park.png,https://raw.githubusercontent.com/Sara-Rider/wvb-maps/main/renders/dir-tygart-lake-state-park.png
international-mother-s-day-shrine,International Mother's Day Shrine,Attraction,attraction,stored,false,dir-international-mother-s-day-shrine.png,https://raw.githubusercontent.com/Sara-Rider/wvb-maps/main/renders/dir-international-mother-s-day-shrine.png
cool-springs-park,Cool Springs Park,Restaurant,food,stored,false,dir-cool-springs-park.png,https://raw.githubusercontent.com/Sara-Rider/wvb-maps/main/renders/dir-cool-springs-park.png
sleepy-creek-wildlife-management-area,Sleepy Creek Wildlife Management Area,Attraction,park,stored,false,dir-sleepy-creek-wildlife-management-area.png,https://raw.githubusercontent.com/Sara-Rider/wvb-maps/main/renders/dir-sleepy-creek-wildlife-management-area.png
hillbilly-heaven-bar-grill,Hillbilly Heaven Bar & Grill,Restaurant,food,stored,false,dir-hillbilly-heaven-bar-grill.png,https://raw.githubusercontent.com/Sara-Rider/wvb-maps/main/renders/dir-hillbilly-heaven-bar-grill.png
chief-logan-state-park,Chief Logan State Park,Attraction,park,stored,false,dir-chief-logan-state-park.png,https://raw.githubusercontent.com/Sara-Rider/wvb-maps/main/renders/dir-chief-logan-state-park.png
taco-todd-s-savage-tacos,Taco Todd's Savage Tacos,Restaurant,food,stored,false,dir-taco-todd-s-savage-tacos.png,https://raw.githubusercontent.com/Sara-Rider/wvb-maps/main/renders/dir-taco-todd-s-savage-tacos.png
bunky-s-burgers,Bunky's Burgers,Restaurant,food,stored,false,dir-bunky-s-burgers.png,https://raw.githubusercontent.com/Sara-Rider/wvb-maps/main/renders/dir-bunky-s-burgers.png
sterling-drive-in,Sterling Drive-In,Restaurant,food,stored,false,dir-sterling-drive-in.png,https://raw.githubusercontent.com/Sara-Rider/wvb-maps/main/renders/dir-sterling-drive-in.png
coaltown-tavern,Coaltown Tavern,Restaurant,food,stored,false,dir-coaltown-tavern.png,https://raw.githubusercontent.com/Sara-Rider/wvb-maps/main/renders/dir-coaltown-tavern.png
page-coal-and-coke-company-store,Page Coal and Coke Company Store,Attraction,attraction,stored,false,dir-page-coal-and-coke-company-store.png,https://raw.githubusercontent.com/Sara-Rider/wvb-maps/main/renders/dir-page-coal-and-coke-company-store.png
kimball-war-memorial,Kimball War Memorial,Attraction,monument,stored,false,dir-kimball-war-memorial.png,https://raw.githubusercontent.com/Sara-Rider/wvb-maps/main/renders/dir-kimball-war-memorial.png
summersville-lake-retreat-lighthouse,Summersville Lake Retreat & Lighthouse,Campground,camping,stored,false,dir-summersville-lake-retreat-lighthouse.png,https://raw.githubusercontent.com/Sara-Rider/wvb-maps/main/renders/dir-summersville-lake-retreat-lighthouse.png
greenbrier-grille-and-lodge,Greenbrier Grille and Lodge,Restaurant,food,stored,false,dir-greenbrier-grille-and-lodge.png,https://raw.githubusercontent.com/Sara-Rider/wvb-maps/main/renders/dir-greenbrier-grille-and-lodge.png
barrackville-covered-bridge,Barrackville Covered Bridge,Attraction,bridge,stored,false,dir-barrackville-covered-bridge.png,https://raw.githubusercontent.com/Sara-Rider/wvb-maps/main/renders/dir-barrackville-covered-bridge.png
carrollton-covered-bridge,Carrollton Covered Bridge,Attraction,bridge,stored,false,dir-carrollton-covered-bridge.png,https://raw.githubusercontent.com/Sara-Rider/wvb-maps/main/renders/dir-carrollton-covered-bridge.png
center-point-covered-bridge,Center Point Covered Bridge,Attraction,bridge,stored,false,dir-center-point-covered-bridge.png,https://raw.githubusercontent.com/Sara-Rider/wvb-maps/main/renders/dir-center-point-covered-bridge.png
dents-run-covered-bridge,Dents Run Covered Bridge,Attraction,bridge,stored,false,dir-dents-run-covered-bridge.png,https://raw.githubusercontent.com/Sara-Rider/wvb-maps/main/renders/dir-dents-run-covered-bridge.png
fish-creek-covered-bridge,Fish Creek Covered Bridge,Attraction,bridge,stored,false,dir-fish-creek-covered-bridge.png,https://raw.githubusercontent.com/Sara-Rider/wvb-maps/main/renders/dir-fish-creek-covered-bridge.png
fletcher-covered-bridge,Fletcher Covered Bridge,Attraction,bridge,stored,false,dir-fletcher-covered-bridge.png,https://raw.githubusercontent.com/Sara-Rider/wvb-maps/main/renders/dir-fletcher-covered-bridge.png
herns-mill-covered-bridge,Herns Mill Covered Bridge,Attraction,bridge,stored,false,dir-herns-mill-covered-bridge.png,https://raw.githubusercontent.com/Sara-Rider/wvb-maps/main/renders/dir-herns-mill-covered-bridge.png
hokes-mill-covered-bridge,Hokes Mill Covered Bridge,Attraction,bridge,stored,false,dir-hokes-mill-covered-bridge.png,https://raw.githubusercontent.com/Sara-Rider/wvb-maps/main/renders/dir-hokes-mill-covered-bridge.png
indian-creek-covered-bridge,Indian Creek Covered Bridge,Attraction,bridge,stored,false,dir-indian-creek-covered-bridge.png,https://raw.githubusercontent.com/Sara-Rider/wvb-maps/main/renders/dir-indian-creek-covered-bridge.png
laurel-creek-covered-bridge,Laurel Creek Covered Bridge,Attraction,bridge,stored,false,dir-laurel-creek-covered-bridge.png,https://raw.githubusercontent.com/Sara-Rider/wvb-maps/main/renders/dir-laurel-creek-covered-bridge.png
locust-creek-covered-bridge,Locust Creek Covered Bridge,Attraction,bridge,stored,false,dir-locust-creek-covered-bridge.png,https://raw.githubusercontent.com/Sara-Rider/wvb-maps/main/renders/dir-locust-creek-covered-bridge.png
mud-river-covered-bridge,Mud River Covered Bridge,Attraction,bridge,stored,false,dir-mud-river-covered-bridge.png,https://raw.githubusercontent.com/Sara-Rider/wvb-maps/main/renders/dir-mud-river-covered-bridge.png
philippi-covered-bridge,Philippi Covered Bridge,Attraction,bridge,stored,false,dir-philippi-covered-bridge.png,https://raw.githubusercontent.com/Sara-Rider/wvb-maps/main/renders/dir-philippi-covered-bridge.png
sarvis-fork-covered-bridge,Sarvis Fork Covered Bridge,Attraction,bridge,stored,false,dir-sarvis-fork-covered-bridge.png,https://raw.githubusercontent.com/Sara-Rider/wvb-maps/main/renders/dir-sarvis-fork-covered-bridge.png
simpson-creek-covered-bridge,Simpson Creek Covered Bridge,Attraction,bridge,stored,false,dir-simpson-creek-covered-bridge.png,https://raw.githubusercontent.com/Sara-Rider/wvb-maps/main/renders/dir-simpson-creek-covered-bridge.png
staats-mill-covered-bridge,Staats Mill Covered Bridge,Attraction,bridge,stored,false,dir-staats-mill-covered-bridge.png,https://raw.githubusercontent.com/Sara-Rider/wvb-maps/main/renders/dir-staats-mill-covered-bridge.png
walkersville-covered-bridge,Walkersville Covered Bridge,Attraction,bridge,stored,false,dir-walkersville-covered-bridge.png,https://raw.githubusercontent.com/Sara-Rider/wvb-maps/main/renders/dir-walkersville-covered-bridge.png
almost-heaven-swing-babcock-state-park,Almost Heaven Swing - Babcock State Park,Attraction,swing,stored,false,dir-almost-heaven-swing-babcock-state-park.png,https://raw.githubusercontent.com/Sara-Rider/wvb-maps/main/renders/dir-almost-heaven-swing-babcock-state-park.png
almost-heaven-swing-blackwater-falls-state-park,Almost Heaven Swing - Blackwater Falls State Park,Attraction,swing,stored,false,dir-almost-heaven-swing-blackwater-falls-state-park.png,https://raw.githubusercontent.com/Sara-Rider/wvb-maps/main/renders/dir-almost-heaven-swing-blackwater-falls-state-park.png
almost-heaven-swing-blennerhassett-island-historical-state-park,Almost Heaven Swing - Blennerhassett Island Historical State Park,Attraction,swing,stored,false,dir-almost-heaven-swing-blennerhassett-island-historical-state-park.png,https://raw.githubusercontent.com/Sara-Rider/wvb-maps/main/renders/dir-almost-heaven-swing-blennerhassett-island-historical-state-park.png
almost-heaven-swing-bluestone-state-park,Almost Heaven Swing - Bluestone State Park,Attraction,swing,stored,false,dir-almost-heaven-swing-bluestone-state-park.png,https://raw.githubusercontent.com/Sara-Rider/wvb-maps/main/renders/dir-almost-heaven-swing-bluestone-state-park.png
almost-heaven-swing-cacapon-resort-state-park,Almost Heaven Swing - Cacapon Resort State Park,Attraction,swing,stored,false,dir-almost-heaven-swing-cacapon-resort-state-park.png,https://raw.githubusercontent.com/Sara-Rider/wvb-maps/main/renders/dir-almost-heaven-swing-cacapon-resort-state-park.png
almost-heaven-swing-canaan-valley-resort-state-park,Almost Heaven Swing - Canaan Valley Resort State Park,Attraction,swing,stored,false,dir-almost-heaven-swing-canaan-valley-resort-state-park.png,https://raw.githubusercontent.com/Sara-Rider/wvb-maps/main/renders/dir-almost-heaven-swing-canaan-valley-resort-state-park.png
almost-heaven-swing-chief-logan-state-park,Almost Heaven Swing - Chief Logan State Park,Attraction,swing,stored,false,dir-almost-heaven-swing-chief-logan-state-park.png,https://raw.githubusercontent.com/Sara-Rider/wvb-maps/main/renders/dir-almost-heaven-swing-chief-logan-state-park.png
almost-heaven-swing-droop-mountain-battlefield-state-park,Almost Heaven Swing - Droop Mountain Battlefield State Park,Attraction,swing,stored,false,dir-almost-heaven-swing-droop-mountain-battlefield-state-park.png,https://raw.githubusercontent.com/Sara-Rider/wvb-maps/main/renders/dir-almost-heaven-swing-droop-mountain-battlefield-state-park.png
almost-heaven-swing-lost-river-state-park,Almost Heaven Swing - Lost River State Park,Attraction,swing,stored,false,dir-almost-heaven-swing-lost-river-state-park.png,https://raw.githubusercontent.com/Sara-Rider/wvb-maps/main/renders/dir-almost-heaven-swing-lost-river-state-park.png
almost-heaven-swing-north-bend-state-park,Almost Heaven Swing - North Bend State Park,Attraction,swing,stored,false,dir-almost-heaven-swing-north-bend-state-park.png,https://raw.githubusercontent.com/Sara-Rider/wvb-maps/main/renders/dir-almost-heaven-swing-north-bend-state-park.png
almost-heaven-swing-pipestem-resort-state-park,Almost Heaven Swing - Pipestem Resort State Park,Attraction,swing,stored,false,dir-almost-heaven-swing-pipestem-resort-state-park.png,https://raw.githubusercontent.com/Sara-Rider/wvb-maps/main/renders/dir-almost-heaven-swing-pipestem-resort-state-park.png
almost-heaven-swing-stonewall-resort-state-park,Almost Heaven Swing - Stonewall Resort State Park,Attraction,swing,stored,false,dir-almost-heaven-swing-stonewall-resort-state-park.png,https://raw.githubusercontent.com/Sara-Rider/wvb-maps/main/renders/dir-almost-heaven-swing-stonewall-resort-state-park.png
almost-heaven-swing-summersville-lake-state-park,Almost Heaven Swing - Summersville Lake State Park,Attraction,swing,stored,false,dir-almost-heaven-swing-summersville-lake-state-park.png,https://raw.githubusercontent.com/Sara-Rider/wvb-maps/main/renders/dir-almost-heaven-swing-summersville-lake-state-park.png
almost-heaven-swing-tu-endie-wei-state-park,Almost Heaven Swing - Tu-Endie-Wei State Park,Attraction,swing,stored,false,dir-almost-heaven-swing-tu-endie-wei-state-park.png,https://raw.githubusercontent.com/Sara-Rider/wvb-maps/main/renders/dir-almost-heaven-swing-tu-endie-wei-state-park.png
almost-heaven-swing-tygart-lake-state-park,Almost Heaven Swing - Tygart Lake State Park,Attraction,swing,stored,false,dir-almost-heaven-swing-tygart-lake-state-park.png,https://raw.githubusercontent.com/Sara-Rider/wvb-maps/main/renders/dir-almost-heaven-swing-tygart-lake-state-park.png
almost-heaven-swing-tomlinson-run-state-park,Almost Heaven Swing - Tomlinson Run State Park,Attraction,swing,stored,false,dir-almost-heaven-swing-tomlinson-run-state-park.png,https://raw.githubusercontent.com/Sara-Rider/wvb-maps/main/renders/dir-almost-heaven-swing-tomlinson-run-state-park.png
almost-heaven-swing-valley-falls-state-park,Almost Heaven Swing - Valley Falls State Park,Attraction,swing,stored,false,dir-almost-heaven-swing-valley-falls-state-park.png,https://raw.githubusercontent.com/Sara-Rider/wvb-maps/main/renders/dir-almost-heaven-swing-valley-falls-state-park.png
summersville-lake-dam-overlook,Summersville Lake Dam Overlook,Attraction,overlook,stored,false,dir-summersville-lake-dam-overlook.png,https://raw.githubusercontent.com/Sara-Rider/wvb-maps/main/renders/dir-summersville-lake-dam-overlook.png
hawks-nest-state-park,Hawks Nest State Park,Attraction,overlook,stored,false,dir-hawks-nest-state-park.png,https://raw.githubusercontent.com/Sara-Rider/wvb-maps/main/renders/dir-hawks-nest-state-park.png
kanawha-falls,Kanawha Falls,Attraction,waterfall,stored,false,dir-kanawha-falls.png,https://raw.githubusercontent.com/Sara-Rider/wvb-maps/main/renders/dir-kanawha-falls.png
fayette-station-road-tunney-hunsaker-bridge,Fayette Station Road & Tunney Hunsaker Bridge,Attraction,scenic-road,stored,false,dir-fayette-station-road-tunney-hunsaker-bridge.png,https://raw.githubusercontent.com/Sara-Rider/wvb-maps/main/renders/dir-fayette-station-road-tunney-hunsaker-bridge.png
coal-heritage-trail,Coal Heritage Trail,Attraction,scenic-road,stored,false,dir-coal-heritage-trail.png,https://raw.githubusercontent.com/Sara-Rider/wvb-maps/main/renders/dir-coal-heritage-trail.png
babcock-state-park,Babcock State Park,Attraction,park,stored,false,dir-babcock-state-park.png,https://raw.githubusercontent.com/Sara-Rider/wvb-maps/main/renders/dir-babcock-state-park.png
mothman-harley-davidson,Mothman Harley-Davidson,Motorcycle Dealer,moto,stored,false,dir-mothman-harley-davidson.png,https://raw.githubusercontent.com/Sara-Rider/wvb-maps/main/renders/dir-mothman-harley-davidson.png
triple-s-harley-davidson,Triple S Harley-Davidson,Motorcycle Dealer,moto,stored,false,dir-triple-s-harley-davidson.png,https://raw.githubusercontent.com/Sara-Rider/wvb-maps/main/renders/dir-triple-s-harley-davidson.png
rg-s-almost-heaven-harley-davidson,RG's Almost Heaven Harley-Davidson,Motorcycle Dealer,moto,stored,false,dir-rg-s-almost-heaven-harley-davidson.png,https://raw.githubusercontent.com/Sara-Rider/wvb-maps/main/renders/dir-rg-s-almost-heaven-harley-davidson.png
skyline-lodge,Skyline Lodge,Lodging,lodging,stored,false,dir-skyline-lodge.png,https://raw.githubusercontent.com/Sara-Rider/wvb-maps/main/renders/dir-skyline-lodge.png
preston-county-inn,Preston County Inn,Lodging,lodging,stored,false,dir-preston-county-inn.png,https://raw.githubusercontent.com/Sara-Rider/wvb-maps/main/renders/dir-preston-county-inn.png
cole-harley-davidson,Cole Harley-Davidson,Motorcycle Dealer,moto,stored,false,dir-cole-harley-davidson.png,https://raw.githubusercontent.com/Sara-Rider/wvb-maps/main/renders/dir-cole-harley-davidson.png
green-bank-observatory,Green Bank Observatory,Attraction,attraction,stored,false,dir-green-bank-observatory.png,https://raw.githubusercontent.com/Sara-Rider/wvb-maps/main/renders/dir-green-bank-observatory.png
valley-harley-davidson,Valley Harley-Davidson,Motorcycle Dealer,moto,stored,false,dir-valley-harley-davidson.png,https://raw.githubusercontent.com/Sara-Rider/wvb-maps/main/renders/dir-valley-harley-davidson.png
smoke-on-the-water-bbq,Smoke on the Water BBQ,Restaurant,food,stored,false,dir-smoke-on-the-water-bbq.png,https://raw.githubusercontent.com/Sara-Rider/wvb-maps/main/renders/dir-smoke-on-the-water-bbq.png
bear-mountain-cabins-campground,Bear Mountain Cabins & Campground,Campground,camping,stored,false,dir-bear-mountain-cabins-campground.png,https://raw.githubusercontent.com/Sara-Rider/wvb-maps/main/renders/dir-bear-mountain-cabins-campground.png
black-sheep-harley-davidson,Black Sheep Harley-Davidson,Motorcycle Dealer,moto,stored,false,dir-black-sheep-harley-davidson.png,https://raw.githubusercontent.com/Sara-Rider/wvb-maps/main/renders/dir-black-sheep-harley-davidson.png
rifrafters-campground,Rifrafters Campground,Campground,camping,stored,false,dir-rifrafters-campground.png,https://raw.githubusercontent.com/Sara-Rider/wvb-maps/main/renders/dir-rifrafters-campground.png
marlinton-motor-inn,Marlinton Motor Inn,Lodging,lodging,stored,false,dir-marlinton-motor-inn.png,https://raw.githubusercontent.com/Sara-Rider/wvb-maps/main/renders/dir-marlinton-motor-inn.png
cass-scenic-railroad-state-park,Cass Scenic Railroad State Park,Attraction,park,stored,false,dir-cass-scenic-railroad-state-park.png,https://raw.githubusercontent.com/Sara-Rider/wvb-maps/main/renders/dir-cass-scenic-railroad-state-park.png
hillbilly-hotdogs,Hillbilly Hotdogs,Restaurant,food,stored,false,dir-hillbilly-hotdogs.png,https://raw.githubusercontent.com/Sara-Rider/wvb-maps/main/renders/dir-hillbilly-hotdogs.png
cathedral-cafe,Cathedral Cafe,Restaurant,food,stored,false,dir-cathedral-cafe.png,https://raw.githubusercontent.com/Sara-Rider/wvb-maps/main/renders/dir-cathedral-cafe.png
fat-eddie-s,Fat Eddie's,Restaurant,food,stored,false,dir-fat-eddie-s.png,https://raw.githubusercontent.com/Sara-Rider/wvb-maps/main/renders/dir-fat-eddie-s.png
the-hutte,The Hutte,Restaurant,food,stored,false,dir-the-hutte.png,https://raw.githubusercontent.com/Sara-Rider/wvb-maps/main/renders/dir-the-hutte.png
the-purple-fiddle,The Purple Fiddle,Restaurant,food,stored,false,dir-the-purple-fiddle.png,https://raw.githubusercontent.com/Sara-Rider/wvb-maps/main/renders/dir-the-purple-fiddle.png
rosemary-s-thyme,Rosemary's Thyme,Restaurant,food,stored,false,dir-rosemary-s-thyme.png,https://raw.githubusercontent.com/Sara-Rider/wvb-maps/main/renders/dir-rosemary-s-thyme.png
the-gateway-restaurant,The Gateway Restaurant,Restaurant,food,stored,false,dir-the-gateway-restaurant.png,https://raw.githubusercontent.com/Sara-Rider/wvb-maps/main/renders/dir-the-gateway-restaurant.png
mingo-saloon-lodge,Mingo Saloon & Lodge,Lodging,lodging,stored,false,dir-mingo-saloon-lodge.png,https://raw.githubusercontent.com/Sara-Rider/wvb-maps/main/renders/dir-mingo-saloon-lodge.png
outlaw-bar-grill,Outlaw Bar & Grill,Bar,food,stored,false,dir-outlaw-bar-grill.png,https://raw.githubusercontent.com/Sara-Rider/wvb-maps/main/renders/dir-outlaw-bar-grill.png
the-tractor-bar,The Tractor Bar,Bar,food,stored,false,dir-the-tractor-bar.png,https://raw.githubusercontent.com/Sara-Rider/wvb-maps/main/renders/dir-the-tractor-bar.png
ez-street,EZ Street,Bar,food,stored,false,dir-ez-street.png,https://raw.githubusercontent.com/Sara-Rider/wvb-maps/main/renders/dir-ez-street.png
south-branch-smokehouse,South Branch Smokehouse,Restaurant,food,stored,false,dir-south-branch-smokehouse.png,https://raw.githubusercontent.com/Sara-Rider/wvb-maps/main/renders/dir-south-branch-smokehouse.png
rider-s-paradise,Rider's Paradise,Lodging,lodging,stored,false,dir-rider-s-paradise.png,https://raw.githubusercontent.com/Sara-Rider/wvb-maps/main/renders/dir-rider-s-paradise.png
full-throttle-at-riders-paradise,Full Throttle at Riders Paradise,Bar,food,stored,false,dir-full-throttle-at-riders-paradise.png,https://raw.githubusercontent.com/Sara-Rider/wvb-maps/main/renders/dir-full-throttle-at-riders-paradise.png
brickside-bar-grille,Brickside Bar & Grille,Bar,food,stored,false,dir-brickside-bar-grille.png,https://raw.githubusercontent.com/Sara-Rider/wvb-maps/main/renders/dir-brickside-bar-grille.png
the-social-tap,The Social Tap,Bar,food,stored,false,dir-the-social-tap.png,https://raw.githubusercontent.com/Sara-Rider/wvb-maps/main/renders/dir-the-social-tap.png
casey-s-family-restaurant-enterprise,Casey's Family Restaurant - Enterprise,Restaurant,food,stored,false,dir-casey-s-family-restaurant-enterprise.png,https://raw.githubusercontent.com/Sara-Rider/wvb-maps/main/renders/dir-casey-s-family-restaurant-enterprise.png
romney-cycles,Romney Cycles,Motorcycle Dealer,moto,stored,false,dir-romney-cycles.png,https://raw.githubusercontent.com/Sara-Rider/wvb-maps/main/renders/dir-romney-cycles.png
american-legion-post-71,American Legion Post 71,Club / Post,other,stored,false,dir-american-legion-post-71.png,https://raw.githubusercontent.com/Sara-Rider/wvb-maps/main/renders/dir-american-legion-post-71.png
the-corner-shop,The Corner Shop,Restaurant,food,stored,false,dir-the-corner-shop.png,https://raw.githubusercontent.com/Sara-Rider/wvb-maps/main/renders/dir-the-corner-shop.png
american-legion-post-15,American Legion Post 15,Club / Post,other,stored,false,dir-american-legion-post-15.png,https://raw.githubusercontent.com/Sara-Rider/wvb-maps/main/renders/dir-american-legion-post-15.png
jack-horner-s-corner,Jack Horner's Corner,Restaurant,food,stored,false,dir-jack-horner-s-corner.png,https://raw.githubusercontent.com/Sara-Rider/wvb-maps/main/renders/dir-jack-horner-s-corner.png
whistle-punk-grill-taphouse,Whistle Punk Grill & Taphouse,Bar,food,stored,false,dir-whistle-punk-grill-taphouse.png,https://raw.githubusercontent.com/Sara-Rider/wvb-maps/main/renders/dir-whistle-punk-grill-taphouse.png
casey-s-family-restaurant-shinnston,Casey's Family Restaurant - Shinnston,Restaurant,food,stored,false,dir-casey-s-family-restaurant-shinnston.png,https://raw.githubusercontent.com/Sara-Rider/wvb-maps/main/renders/dir-casey-s-family-restaurant-shinnston.png
north-end-tavern-brewery,North End Tavern & Brewery,Bar,food,stored,false,dir-north-end-tavern-brewery.png,https://raw.githubusercontent.com/Sara-Rider/wvb-maps/main/renders/dir-north-end-tavern-brewery.png
farmer-s-daughter-market-butcher,Farmer's Daughter Market & Butcher,Restaurant,food,stored,false,dir-farmer-s-daughter-market-butcher.png,https://raw.githubusercontent.com/Sara-Rider/wvb-maps/main/renders/dir-farmer-s-daughter-market-butcher.png
the-custard-stand,The Custard Stand,Restaurant,food,stored,false,dir-the-custard-stand.png,https://raw.githubusercontent.com/Sara-Rider/wvb-maps/main/renders/dir-the-custard-stand.png
south-texas-barbecue-company,South Texas Barbecue Company,Restaurant,food,stored,false,dir-south-texas-barbecue-company.png,https://raw.githubusercontent.com/Sara-Rider/wvb-maps/main/renders/dir-south-texas-barbecue-company.png
pizzas-and-cream,Pizzas and Cream,Restaurant,food,stored,false,dir-pizzas-and-cream.png,https://raw.githubusercontent.com/Sara-Rider/wvb-maps/main/renders/dir-pizzas-and-cream.png
hellbender-burritos,Hellbender Burritos,Restaurant,food,stored,false,dir-hellbender-burritos.png,https://raw.githubusercontent.com/Sara-Rider/wvb-maps/main/renders/dir-hellbender-burritos.png
main-street-grill-romney,Main Street Grill - Romney,Restaurant,food,stored,false,dir-main-street-grill-romney.png,https://raw.githubusercontent.com/Sara-Rider/wvb-maps/main/renders/dir-main-street-grill-romney.png
little-sicily,Little Sicily,Restaurant,food,stored,false,dir-little-sicily.png,https://raw.githubusercontent.com/Sara-Rider/wvb-maps/main/renders/dir-little-sicily.png
sirianni-s-pizza-cafe,Sirianni's Pizza Cafe,Restaurant,food,stored,false,dir-sirianni-s-pizza-cafe.png,https://raw.githubusercontent.com/Sara-Rider/wvb-maps/main/renders/dir-sirianni-s-pizza-cafe.png
buddy-s-all-american-bar-b-que,Buddy's All American Bar-B-Que,Restaurant,food,stored,false,dir-buddy-s-all-american-bar-b-que.png,https://raw.githubusercontent.com/Sara-Rider/wvb-maps/main/renders/dir-buddy-s-all-american-bar-b-que.png
c-j-maggie-s-american-grill-elkins,C.J. Maggie's American Grill - Elkins,Restaurant,food,stored,false,dir-c-j-maggie-s-american-grill-elkins.png,https://raw.githubusercontent.com/Sara-Rider/wvb-maps/main/renders/dir-c-j-maggie-s-american-grill-elkins.png
screech-owl-brewing,Screech Owl Brewing,Bar,food,stored,false,dir-screech-owl-brewing.png,https://raw.githubusercontent.com/Sara-Rider/wvb-maps/main/renders/dir-screech-owl-brewing.png
drovers-inn,Drovers Inn,Restaurant,food,stored,false,dir-drovers-inn.png,https://raw.githubusercontent.com/Sara-Rider/wvb-maps/main/renders/dir-drovers-inn.png
black-bear-burritos,Black Bear Burritos,Restaurant,food,stored,false,dir-black-bear-burritos.png,https://raw.githubusercontent.com/Sara-Rider/wvb-maps/main/renders/dir-black-bear-burritos.png